State,District,Total Population,Households,Total Working Population,Electricity_Deprivation,Average Household Size,Electricity Access,Average Annual Income,MPI,Headcount_Ratio (H)
Andaman And Nicobar Islands,Nicobars,36842,9288,17125,0.44087,3.9666236003445308,99.55913,69723.41349546713,0.01156062,3.12227
Andaman And Nicobar Islands,South Andaman,238142,59064,96831,1.21042,4.031931464174455,98.78958,60991.551259332664,0.01310353,3.3653130000000004
Andhra Pradesh,Anantapur,4081148,968160,2036166,0.53208,4.215365228887787,99.46792,74837.98676254819,0.06451616,16.526608
Andhra Pradesh,Chittoor,4174064,1039953,1933357,0.64508,4.013704465490267,99.35492,69477.50441775689,0.05012701,12.914888
Andhra Pradesh,East Godavari,5154296,1428528,2093681,0.60047,3.6081168867533573,99.39953,60930.17358723674,0.04133015,10.285435
Andhra Pradesh,Guntur,4887813,1296609,2381624,0.44333,3.7696892432491214,99.55667,73088.6390293573,0.04214742,10.635006
Andhra Pradesh,Krishna,4517398,1243293,2048880,0.60206,3.6334138453284948,99.39794,68032.96942177776,0.0473184,12.030967
Andhra Pradesh,Kurnool,4053463,887652,2029425,0.10496,4.566500159972602,99.89504,75099.67403180935,0.10198907,23.924154
Andhra Pradesh,Prakasam,3397448,860463,1700567,1.16547,3.948395224431498,98.83453,75081.36989881817,0.08029847,18.76915
Andhra Pradesh,Sri Potti Sriramulu Nellore,2963557,776854,1314561,1.78653,3.8148184858416125,98.21347,66536.31092636315,0.05886256,14.018534999999998
Andhra Pradesh,Srikakulam,2703114,681330,1290288,1.68704,3.967407864030646,98.31296,71600.08789862359,0.07861653,19.748507
Andhra Pradesh,Visakhapatnam,4290589,1097042,1889879,0.95437,3.9110526306194293,99.04563,66070.61408119024,0.07777677,17.579393
Andhra Pradesh,Vizianagaram,2344474,587149,1157962,0.99467,3.9929796354928646,99.00533,74086.68212997883,0.09180981,22.658966
Andhra Pradesh,West Godavari,3936966,1091525,1773112,0.99245,3.6068491330936077,99.00755,67556.28572865501,0.04535248,11.77772
Andhra Pradesh,Y.S.R.,2882469,706204,1320404,0.31445,4.081637883671007,99.68555,68712.13532565311,0.04847692,11.846406
Arunachal Pradesh,Anjaw,21167,4612,10501,10.03961,4.589549002601908,89.96039,74415.36353758209,0.09878317,24.534635
Arunachal Pradesh,Changlang,148226,29521,62966,22.7094,5.021035872768538,77.2906,63719.59035526831,0.12919264,28.884221
Arunachal Pradesh,Dibang Valley,8004,1952,3555,8.10477,4.100409836065574,91.89523,66622.93853073464,0.0706498,18.285175
Arunachal Pradesh,East Kameng,78690,14508,31710,47.43521,5.423904052936311,52.56479,60446.05413648494,0.19087748,41.920054
Arunachal Pradesh,East Siang,99214,19107,40222,4.01518,5.192547233998011,95.98482,60810.97425766525,0.03719756,9.496287
Arunachal Pradesh,Kurung Kumey,92076,15037,38044,8.13049,6.1232958701868725,91.86951,61977.06242669099,0.16116661,36.5461
Arunachal Pradesh,Lohit,145726,30005,60945,21.04809,4.856723879353441,78.95191,62732.45680249235,0.15468656,31.578489
Arunachal Pradesh,Lower Dibang Valley,54080,11600,22326,28.03054,4.662068965517242,71.96946,61924.926035502955,0.1070615,25.161809
Arunachal Pradesh,Lower Subansiri,83030,15249,30202,1.2969,5.444947209653092,98.7031,54562.20643141033,0.05956795,14.393086
Arunachal Pradesh,Tawang,49977,10062,28561,3.26474,4.966905187835421,96.73526,85722.43231886667,0.12448415,29.744389
Arunachal Pradesh,Tirap,111975,20611,50169,1.68954,5.432778613361797,98.31046,67205.62625586068,0.13668732,30.657857
Arunachal Pradesh,Upper Siang,35320,7324,17644,6.902519999999999,4.822501365374112,93.09748,74932.04983012457,0.08190559,21.719507
Arunachal Pradesh,Upper Subansiri,83448,15869,33370,11.70192,5.2585544142668095,88.29808,59983.46275524878,0.1200439,28.95555
Arunachal Pradesh,West Kameng,83947,18159,42493,1.29237,4.622886722837161,98.70763,75928.26426197482,0.08028229,19.156046
Arunachal Pradesh,West Siang,112274,21231,49177,4.66469,5.2882106353916445,95.33530999999999,65701.3199850366,0.05833487,13.953363
Assam,Baksa,950075,191701,406756,16.3891,4.956025268517118,83.6109,64219.56161355683,0.10515818,25.831161
Assam,Barpeta,1693622,337929,561824,27.25616,5.0117687443220325,72.74384,49759.391410834294,0.17617361,40.569397
Assam,Bongaigaon,738804,150018,255806,11.04096,4.924769027716674,88.95904,51936.50819432488,0.14611618,34.619547
Assam,Cachar,1736617,379955,608062,33.60574,4.570585990446237,66.39426,52521.2525271836,0.22358594,46.814975
Assam,Chirang,482162,97395,193894,27.80536,4.950582678782278,72.19463999999999,60320.18284311082,0.16646576,39.442547
Assam,Darrang,928500,187783,324843,24.08561,4.944537045419447,75.91439,52478.67528271406,0.19091607,42.354756
Assam,Dhemaji,686133,129869,316800,36.13246,5.283270064449561,63.86754,69257.70951112977,0.13605604,33.365669999999994
Assam,Dhubri,1949258,414674,669819,29.11088,4.700699826851936,70.88911999999999,51544.15167207214,0.24239511,51.841995
Assam,Dibrugarh,1326335,276867,560557,23.2925,4.790513134465285,76.7075,63395.40915379599,0.13941937,30.930364
Assam,Dima Hasao,214102,42252,85028,20.80231,5.06726308813784,79.19769,59570.67192272842,0.15911318,34.406412
Assam,Goalpara,1008183,198454,362573,30.210890000000003,5.080184828726052,69.78911,53944.521976664946,0.19505473,41.231535
Assam,Golaghat,1066888,227197,479928,11.27778,4.6958718645052535,88.72222,67475.8737561956,0.10365628,24.435699
Assam,Hailakandi,659296,143350,214240,44.28458,4.599204743634461,55.71542,48742.90151919624,0.26755972,56.88139
Assam,Jorhat,1092256,236262,498618,12.509,4.623070997451982,87.491,68475.43066826824,0.09893894,23.555781
Assam,Kamrup,1517542,311114,628954,9.79993,4.877768277865991,90.20007,62168.36173232768,0.10740983,25.392502
Assam,Kamrup Metropolitan,1253938,293112,490932,4.5254900000000005,4.278016594339365,95.47451,58726.82700420595,0.05610175,13.163249
Assam,Karbi Anglong,956313,177646,383441,17.62987,5.383250959773933,82.37013,60143.64543826132,0.19148774,43.222873
Assam,Karimganj,1228686,247714,399171,27.31031,4.9600991465964785,72.68969,48731.449695040064,0.223364,47.78283
Assam,Kokrajhar,887142,181081,341131,24.95323,4.899144581706529,75.04677,57679.2103180776,0.15424829,35.815265000000004
Assam,Lakhimpur,1042137,204307,429995,24.03395,5.100838444106174,75.96605,61891.334824500045,0.12713146,29.470809
Assam,Morigaon,957423,184602,351148,21.47268,5.18641726525173,78.52732,55014.554695260085,0.18200057,41.593654
Assam,Nagaon,2823768,559340,979998,16.72326,5.0483927485965605,83.27674,52057.99484943522,0.15213531,35.538667000000004
Assam,Nalbari,771639,155248,267623,16.29717,4.970363547356488,83.70283,52023.61466955402,0.09048142,22.780877
Assam,Sivasagar,1151050,248367,485717,19.45598,4.634472373543989,80.54402,63296.59875765605,0.1401463,30.341367
Assam,Sonitpur,1924110,392919,770606,20.70196,4.896963496293129,79.29804,60074.995712303345,0.13280648,30.774661
Assam,Tinsukia,1327929,268598,557196,23.42856,4.943927356123277,76.57144,62939.66017761491,0.19444788,39.969424
Assam,Udalguri,831668,168717,345030,14.26243,4.929366928051115,85.73757,62229.75995228866,0.12901329,30.575018
Bihar,Araria,2811569,568142,1069893,50.08989,4.948708245473843,49.91011,57079.85470034703,0.34559143,68.732068
Bihar,Arwal,700843,118222,236354,51.79644,5.928194413899274,48.20356,50586.36527724469,0.23622583,53.048938
Bihar,Aurangabad,2540073,391898,837770,40.231,6.4814645647591975,59.769,49473.18443210097,0.19297029,44.25855
Bihar,Banka,2034763,381601,771080,52.37865000000001,5.332174181933485,47.62134999999999,56842.983679180325,0.28020579,59.873043
Bihar,Begusarai,2970541,589667,938182,35.06057,5.037658542872503,64.93943,47374.29983292606,0.23935502,49.940446
Bihar,Bhagalpur,3037766,564711,983528,30.28301,5.379328541501759,69.71699,48565.031012921994,0.2209237,45.52241
Bihar,Bhojpur,2728407,416090,822493,33.38687,6.557252036818958,66.61313,45218.30870540942,0.17138065,39.381646
Bihar,Buxar,1706352,261660,538322,33.08519,6.52125659252465,66.91481,47322.18205856704,0.17677366,41.413414
Bihar,Darbhanga,3937385,803012,1223640,39.768730000000005,4.903270436805427,60.231269999999995,46616.2186324172,0.26721257,56.64617199999999
Bihar,Gaya,4391418,688425,1664062,26.62304,6.378934524458002,73.37696,56840.25068895742,0.25388947,55.45995500000001
Bihar,Gopalganj,2562012,413044,728201,41.38166,6.2027580596740295,58.61834,42634.51927625632,0.18471327,42.606002
Bihar,Jamui,1760405,307082,727571,36.568,5.732687034733393,63.432,61994.62623657624,0.30337028,63.989343
Bihar,Jehanabad,1125313,181740,365378,30.14888,6.191884010124354,69.85112000000001,48703.516266141065,0.21430315,45.806473
Bihar,Kaimur (Bhabua),1626384,250884,511163,25.32134,6.482613478739179,74.67866000000001,47144.1246347726,0.20586716,46.65648
Bihar,Katihar,3071029,619076,1013566,67.00985,4.960665572562981,32.99015,49506.175291734464,0.31269411,62.541799
Bihar,Khagaria,1666886,328823,560805,45.55886,5.069250022048336,54.44114,50465.80869957514,0.29424397,58.596196
Bihar,Kishanganj,1690400,338445,529064,46.46754,4.994607691057631,53.53246,46947.23142451491,0.325327,65.983985
Bihar,Lakhisarai,1000912,163355,326576,18.08976,6.127219858590187,81.91024,48941.76511021948,0.2067145,43.883319
Bihar,Madhepura,2001762,401289,777546,45.98474,4.988330106232665,54.01526,58264.61887077485,0.33740048,68.02049799999999
Bihar,Madhubani,4487379,898515,1636938,45.68043,4.994217124922789,54.31957,54718.06593559403,0.267928,56.926885000000006
Bihar,Munger,1367765,263171,426658,31.90174,5.197248177040783,68.09826,46790.713316980626,0.18398767,40.03417
Bihar,Muzaffarpur,4801062,945703,1547586,26.32818,5.076712244753374,73.67182,48351.36476054673,0.22163151,48.323859
Bihar,Nalanda,2877653,477529,1045420,30.26688,6.026132444312283,69.73312,54493.36664288572,0.22269984,47.257523
Bihar,Nawada,2219146,338247,817041,43.09985,6.560726333123427,56.90015,55226.71784551354,0.23795198,50.63589
Bihar,Pashchim Champaran,3935042,710461,1478947,52.80445,5.538716410893771,47.19555,56376.03105633942,0.27288272,56.695581
Bihar,Patna,5838465,975578,1881886,12.97796,5.984621424427365,87.02204,48348.82113706257,0.12480551,28.236842
Bihar,Purba Champaran,5099371,981516,1737539,57.39196,5.195402825832692,42.60804,51110.39185028899,0.30025563,61.457335
Bihar,Purnia,3264619,647777,1143318,49.49805,5.039726634320144,50.50195,52532.225046781874,0.3343122,66.977859
Bihar,Rohtas,2959918,460345,924879,18.51251,6.429782011317599,81.48749000000001,46870.16667353622,0.16227447,39.004405
Bihar,Saharsa,1900661,368979,649898,40.55878,5.15113597250792,59.44122,51289.89335815277,0.31236634,61.609379
Bihar,Samastipur,4261566,835493,1343400,58.63454,5.100660328692161,41.36546,47285.434509286024,0.26916566,55.535625
Bihar,Saran,3951862,631097,1040231,38.92582,6.261893179653841,61.07418,39483.83066007871,0.18678654,42.625748
Bihar,Sheikhpura,636342,100701,224655,19.55713,6.319122948133583,80.44287,52956.19336771736,0.23732915,52.209863
Bihar,Sheohar,656246,150144,216372,38.6004,4.370777387041773,61.3996,49456.75859357619,0.29679699,62.081438
Bihar,Sitamarhi,3423574,736322,1114583,59.22748,4.6495609257906185,40.77252,48834.18614582305,0.31694917,64.992458
Bihar,Siwan,3330464,535661,932416,45.00599,6.217484565798145,54.99401,41994.869183393064,0.17215838,39.811663
Bihar,Supaul,2229076,443073,877682,39.0313,5.030945239272084,60.9687,59061.377898286104,0.314436,66.273335
Bihar,Vaishali,3495021,626087,1060344,34.83866,5.582324820671888,65.16134,45508.052741314,0.21446225,46.817917
Chandigarh,Chandigarh,1055450,241173,404136,0.3944999999999999,4.376319073859843,99.6055,57435.59619119807,0.0196646,4.439672
Chhattisgarh,Bastar,1413199,311538,726531,12.72083,4.536201041285493,87.27917,77115.57254144676,0.2687057,61.263006
Chhattisgarh,Bijapur,255230,54757,134525,7.42097,4.661139215077524,92.57903,79061.04298084081,0.20586745,50.308468
Chhattisgarh,Bilaspur,2663629,600822,1203197,0.46178,4.433308034659183,99.53822,67757.01495966593,0.12018982,29.555291
Chhattisgarh,Dakshin Bastar Dantewada,533638,120850,286595,12.50176,4.415705419942077,87.49824,80558.82452149209,0.3226211,65.115756
Chhattisgarh,Dhamtari,799781,170951,402895,1.33454,4.678422471936403,98.66546,75563.49800757958,0.09664379,25.123437
Chhattisgarh,Durg,3343872,701707,1496805,0.61468,4.7653393795416035,99.38532,67143.94271072577,0.09278083,24.030824
Chhattisgarh,Janjgir - Champa,1619707,364532,846466,1.47278,4.443250523959488,98.52722,78390.65954521403,0.11379286,29.944602
Chhattisgarh,Jashpur,851669,192570,487360,15.93528,4.42264631043257,84.06472,85836.16404964839,0.22882584,52.986934
Chhattisgarh,Korba,1206640,280073,521186,5.5197,4.308305334680601,94.4803,64789.746734734465,0.16570794,39.107976
Chhattisgarh,Mahasamund,1032754,248561,499260,1.02022,4.154931787368091,98.97978,72513.88036260329,0.15713085,40.787642000000005
Chhattisgarh,Narayanpur,139820,27982,71089,21.55977,4.996783646629976,78.44023,76264.84050922615,0.28131403,62.427897
Chhattisgarh,Raigarh,1493984,367962,690167,3.97921,4.060158385920285,96.02079,69294.61761304003,0.15039953,37.030396
Chhattisgarh,Raipur,4063872,871225,1757664,1.29847,4.664549341444518,98.70153,64876.45280166304,0.10875387,26.826579
Chhattisgarh,Rajnandgaon,1537133,318488,800092,1.0353599999999998,4.826345105624074,98.96464,78076.39286906208,0.10083664,26.820434
Chhattisgarh,Surguja,2359886,526049,1155807,6.13067,4.486057382487183,93.86933,73465.85809653517,0.23734461,54.228772000000006
Chhattisgarh,Uttar Bastar Kanker,748941,160937,389359,3.50475,4.653628438457284,96.49525,77981.91045756609,0.14778242,36.514968
Dadra And Nagar Haveli,Dadra & Nagar Haveli,343709,76458,157161,2.65216,4.495396165214889,97.34784,68587.5260758374,0.14020342,33.269704
Daman And Diu,Daman,191173,50376,105521,0.0,3.79492218516754,100.0,82794.90304593221,0.02651255,6.266086
Daman And Diu,Diu,52074,10580,15750,0.14805,4.921928166351607,99.85195,45368.129968890426,0.01602107,4.329436
Goa,North Goa,818008,191766,327658,0.30613,4.265657102927526,99.69387,60083.39771738173,0.02157983,5.907762
Goa,South Goa,640537,151845,249590,0.0,4.218360828476407,100.0,58448.61420963972,0.0198038,5.182965
Gujarat,Ahmadabad,7214225,1510134,2594952,0.61207,4.7772085126220585,99.38793,53954.90160065704,0.0319561,8.157443
Gujarat,Amreli,1514190,294837,657139,0.8378699999999998,5.135685141281454,99.16213,65098.07223664137,0.05275488,13.141717
Gujarat,Anand,2092745,427605,844794,2.1032800000000003,4.894107879935922,97.89672,60551.62000148131,0.07206995,17.777356
Gujarat,Bharuch,1551019,333483,627124,2.77365,4.650968715046944,97.22635,60649.54716866783,0.09542766,23.075063
Gujarat,Bhavnagar,2880365,538605,1150632,0.65646,5.347824472479832,99.34354,59921.15582573737,0.07654097,19.625744
Gujarat,Dohad,2127086,334272,999124,20.69517,6.363338837832663,79.30483,70457.23586164358,0.26806336,59.909312
Gujarat,Gandhinagar,1391753,289990,534976,5.47083,4.799313769440325,94.52917,57658.50693334234,0.08443975,18.751912
Gujarat,Jamnagar,2160119,430941,847440,1.76753,5.0125632047078374,98.23247,58846.75797953724,0.06437347,14.327784
Gujarat,Junagadh,2743082,527326,1123709,0.59019,5.201871328172706,99.40981,61447.79849818562,0.04923219,11.874073
Gujarat,Kachchh,2092371,445672,776228,4.71457,4.694867525893482,95.28543,55647.0147980449,0.1437056,30.981636
Gujarat,Kheda,2299885,466856,933983,4.26597,4.926326319036277,95.73403,60914.98053163527,0.10941755,27.323276000000003
Gujarat,Mahesana,2035064,424479,812064,2.73089,4.794263084864033,97.26911,59855.41486655948,0.04925853,11.901381
Gujarat,Narmada,590297,122174,294795,6.77045,4.831609016648387,93.22955,74910.17233697613,0.1845365,45.861969
Gujarat,Navsari,1329672,295131,591834,1.6271399999999998,4.5053620256767335,98.37286,66764.66075844268,0.07992855,20.502525
Gujarat,Patan,1343734,267633,554830,5.8450500000000005,5.020808345757063,94.15495,61935.24908947753,0.10657893,25.686434
Gujarat,Porbandar,585449,124556,231169,0.5134599999999999,4.700287420919104,99.48654,59228.643314789166,0.04147019,10.477707
Gujarat,Rajkot,3804558,786586,1479050,1.52862,4.836798519170186,98.47138,58313.60699455759,0.04205025,10.320862
Gujarat,Surat,6081322,1333200,2553542,1.26183,4.561447644764477,98.73817,62984.87401259135,0.0422112,10.702302
Gujarat,Surendranagar,1756268,343213,723500,3.96511,5.117137171377541,96.03489,61792.96098317569,0.12025137,26.250687
Gujarat,Tapi,807022,177091,450902,6.3995,4.557103410111186,93.6005,83808.49592700075,0.16383237,42.69928
Gujarat,The Dangs,228291,44699,118257,11.81774,5.107295465222935,88.18226,77701.48626095642,0.29224457,64.7102
Gujarat,Vadodara,4165626,877106,1693473,2.54018,4.74928457905886,97.45982,60980.25842934531,0.10138744,23.221057
Gujarat,Valsad,1705678,364403,743245,1.2682,4.680746316578074,98.7318,65362.13165673709,0.10272872,23.307075
Haryana,Ambala,1128350,224334,372139,0.15053,5.029777028894417,99.84947,49471.219036646435,0.0124348,3.360056
Haryana,Bhiwani,1634445,311380,623006,0.69343,5.249036546984392,99.30657,57175.92210199792,0.04726457,12.373763
Haryana,Faridabad,1809733,358919,579229,0.74996,5.042176647098649,99.25004,48009.48537712469,0.04248582,10.21836
Haryana,Fatehabad,942011,180637,369083,0.25446,5.214939353510078,99.74554,58770.492064317725,0.039243,9.885802
Haryana,Gurgaon,1514432,326428,544716,0.24155,4.639405933314544,99.75845,53952.504965558044,0.032343,8.100122
Haryana,Hisar,1743931,335608,691621,0.8345899999999999,5.196333222092441,99.16541,59488.10474726351,0.03749398,9.683723
Haryana,Jhajjar,958405,185334,326534,0.6570999999999999,5.1712313984482075,99.3429,51105.847736604046,0.01607464,4.190984
Haryana,Jind,1334152,249736,523422,0.48631,5.342249415382644,99.51369,58848.84181112796,0.03297077,8.549062000000001
Haryana,Kaithal,1074304,204274,373899,0.13168,5.259132341854568,99.86832,52205.75367866078,0.03556644,9.21627
Haryana,Karnal,1505324,292084,516062,0.18798,5.153736596321606,99.81202,51423.68021768071,0.02899438,7.145517
Haryana,Kurukshetra,964655,188143,336780,0.13291,5.127243639146819,99.86709,52367.94501661215,0.02133192,5.377358
Haryana,Mahendragarh,922088,171712,338584,1.22104,5.369968319045844,98.77896,55078.907869964685,0.02375008,6.391425000000001
Haryana,Mewat,1089263,160280,289964,9.98719,6.796000748689793,90.01281,39930.3014974345,0.2911391,58.144522
Haryana,Palwal,1042708,171157,309563,5.62762,6.092114257669858,94.37237999999999,44532.55369672046,0.10430929,24.103440000000003
Haryana,Panchkula,561293,117107,211479,0.33606,4.792992733141486,99.66394,56515.67006893013,0.01063071,2.742851
Haryana,Panipat,1205437,235640,412318,0.0,5.115587336615175,100.0,51307.285241783684,0.02758678,6.577344999999999
Haryana,Rewari,900332,178043,337727,0.98143,5.0568233516622385,99.01857,56267.077033805304,0.02919851,7.622877
Haryana,Rohtak,1061204,206988,345967,0.6548799999999999,5.12688658279707,99.34512,48902.04899340749,0.0429489,10.329952
Haryana,Sirsa,1295189,246571,502003,0.69423,5.252803452149685,99.30577,58138.580546931764,0.05012823,12.507376
Haryana,Sonipat,1450001,277726,523179,0.42872,5.22097679007367,99.57128,54121.92819177366,0.01508667,3.892516
Haryana,Yamunanagar,1214205,235423,389233,0.13135,5.157546204066723,99.86865,48084.91976231361,0.02866161,7.644228999999998
Himachal Pradesh,Bilaspur,381956,80485,205871,0.11615,4.745679319127788,99.88385,80848.71032265497,0.02651408,7.508766
Himachal Pradesh,Chamba,519080,102460,294035,1.54411,5.066172164747218,98.45589,84968.11666795099,0.04162599,10.603683
Himachal Pradesh,Hamirpur,454768,105519,241931,0.32441,4.3098209801078475,99.67559,79798.1608204623,0.01500407,4.181045
Himachal Pradesh,Hamirpur,454768,105519,241931,0.32441,4.3098209801078475,99.67559,79798.1608204623,0.01500407,4.181045
Himachal Pradesh,Kangra,1510075,338887,675170,0.0,4.455983853024755,100.0,67066.53643030976,0.02561217,7.161803
Himachal Pradesh,Kinnaur,84121,19976,56273,0.59492,4.2111033239887865,99.40508,93318.39521718805,0.02612862,7.077965999999999
Himachal Pradesh,Kullu,437903,94807,269084,0.4627,4.618888900608605,99.5373,92172.46741858358,0.03987695,11.059018
Himachal Pradesh,Mandi,999777,219145,572671,0.2975799999999999,4.562171165210249,99.70242,85919.81011765623,0.03106255,8.457013
Himachal Pradesh,Shimla,814010,184362,430926,0.50226,4.415280806239897,99.49774,79407.99253080429,0.03418176,9.266529
Himachal Pradesh,Sirmaur,529855,98208,280083,0.80213,5.3952325676115995,99.19787,79290.46625963708,0.05396787,13.40357
Himachal Pradesh,Solan,580320,122425,298737,1.16448,4.74020829079028,98.83552,77216.9665012407,0.03077392,7.662125
Himachal Pradesh,Una,521173,110332,215346,0.32598,4.723679440234927,99.67402,61979.22762691083,0.01832592,4.877346
Jammu And Kashmir,Anantnag,1078692,153640,389684,3.39109,7.020906014058839,96.60891,54188.40595832731,0.04288032,9.711656
Jammu And Kashmir,Badgam,753745,103363,214866,0.94253,7.292212880818088,99.05747,42759.686631420445,0.04200183,10.54808
Jammu And Kashmir,Bandipore,392232,58392,149317,4.70578,6.717221537196877,95.29422,57102.81160129719,0.05533849,12.813997999999998
Jammu And Kashmir,Baramula,1008039,152635,304200,0.1001799999999999,6.604245422085367,99.89982,45266.10577566939,0.03865058,9.486904000000001
Jammu And Kashmir,Doda,409936,79636,151912,5.86505,5.147621678637802,94.13495,55586.23785176223,0.13803212,31.777036
Jammu And Kashmir,Ganderbal,297446,45361,100890,0.34625,6.55730693767774,99.65375,50878.14258722591,0.04076009,9.999264
Jammu And Kashmir,Jammu,1529958,314199,508622,0.11964,4.8693916912529955,99.88036,49866.270838807344,0.03608146,9.017879
Jammu And Kashmir,Kargil,140802,18338,51873,2.40492,7.6781546515432435,97.59508,55261.644010738484,0.09557306,25.287529
Jammu And Kashmir,Kathua,616435,119583,200431,0.35449,5.154871511836967,99.64551,48771.80886873717,0.07836531,19.254069
Jammu And Kashmir,Kishtwar,230696,45209,82974,12.789890000000002,5.102877745581632,87.21011,53950.22020321115,0.12622654,29.340421
Jammu And Kashmir,Kulgam,424483,73728,159990,2.82414,5.757419162326389,97.17586,56535.83300155719,0.03928951,9.561287
Jammu And Kashmir,Kupwara,870354,113929,229064,6.31399,7.639442108681723,93.68601,39477.72975134256,0.07924354,20.081075
Jammu And Kashmir,Pulwama,560440,86241,188420,1.59129,6.498533180273884,98.40871,50430.01927057312,0.01934441,4.871719
Jammu And Kashmir,Punch,476835,90261,161393,3.35136,5.282846412071659,96.64864,50770.07769983328,0.11047705,26.140637
Jammu And Kashmir,Rajouri,642415,130401,290912,5.82207,4.926457619190037,94.17793,67926.18478709245,0.12591741,29.605649
Jammu And Kashmir,Ramban,283713,55490,87212,11.15189,5.112867183276266,88.84811,46109.27239851541,0.17277106,39.076695
Jammu And Kashmir,Reasi,314667,56689,144767,9.62577,5.550759406586816,90.37423,69009.61969319948,0.10416688,25.068152
Jammu And Kashmir,Samba,318898,65385,92526,0.62186,4.87723483979506,99.37814,43521.439457130495,0.05061385,12.792979
Jammu And Kashmir,Shupiyan,266215,44411,87721,3.20563,5.9943482470559095,96.79437,49426.77910711268,0.03594972,8.790963
Jammu And Kashmir,Srinagar,1236829,191678,407188,0.05894,6.4526393221966005,99.94106,49382.89771666091,0.0101006,2.657546
Jammu And Kashmir,Udhampur,554985,99240,243672,2.52444,5.592351874244256,97.47556,65859.07727235871,0.13516417,31.491977
Jharkhand,Bokaro,2062330,394918,685368,11.52696,5.222172704206949,88.47304,49849.05422507552,0.13784698,33.463002
Jharkhand,Chatra,1042886,182271,397690,57.15943,5.721623297178377,42.84057,57200.40349568409,0.27982769,58.365707
Jharkhand,Deoghar,1492073,264347,551467,18.73513,5.6443727373490145,81.26487,55439.68023012279,0.21650347,49.090905
Jharkhand,Dhanbad,2684487,507064,844504,3.51359,5.294177855260874,96.48641,47188.010223182304,0.13332667,32.79795
Jharkhand,Dumka,1321442,275019,624779,28.92086,4.804911660648901,71.07914,70920.13875750884,0.26539828,58.714518000000005
Jharkhand,Garhwa,1322784,254697,571431,48.19331,5.193559405882284,51.80669,64798.674613542345,0.25785173,57.790675
Jharkhand,Giridih,2445474,396521,1036277,8.43104,6.167325311900252,91.56896,63562.95343970126,0.24342539,54.989585
Jharkhand,Godda,1313551,253648,552191,19.80123,5.178637324165773,80.19877,63057.04917433735,0.26423104,58.090451
Jharkhand,Gumla,1025213,188988,487508,21.64812,5.424751836095414,78.35188,71327.81187909243,0.21755416,48.543435
Jharkhand,Hazaribagh,1734495,304749,654636,2.99528,5.691552720435506,97.00472,56613.250542665155,0.16154433,39.280998
Jharkhand,Jamtara,791042,155275,326631,16.10202,5.094458219288359,83.89798,61936.850382154174,0.2468856,56.639746
Jharkhand,Khunti,531885,103700,259984,31.06948,5.12907425265188,68.93052,73319.60856200119,0.24485884,54.964988000000005
Jharkhand,Kodarma,716259,116155,257418,8.17282,6.166406956222289,91.82718,53908.85140710274,0.16085809,38.01756
Jharkhand,Latehar,726978,133381,313379,43.84692,5.450386486830958,56.15308,64660.622467254856,0.26246769,56.059361
Jharkhand,Lohardaga,461790,88638,221332,17.02287,5.209842279834834,82.97713,71893.71792373157,0.22546381,51.93607300000001
Jharkhand,Pakur,900422,182317,404584,22.600990000000003,4.938771480443403,77.39901,67399.06399443817,0.32222743,66.193179
Jharkhand,Palamu,1939869,358754,713175,36.22382,5.40724005864743,63.77618,55146.12069165495,0.22920171,48.73768
Jharkhand,Pashchimi Singhbhum,1502338,302046,694863,30.64992,4.973871529502129,69.35007999999999,69378.16257060661,0.3089391,61.717928
Jharkhand,Purbi Singhbhum,2293919,476931,837167,7.32914,4.809750257374756,92.67086,54742.58245387043,0.1097387,25.761677
Jharkhand,Ramgarh,949443,179375,312125,4.08725,5.293062020905923,95.91275,49311.80702791004,0.13349167,32.085814
Jharkhand,Ranchi,2914253,569444,1142867,6.59622,5.1177165796812325,93.40378,58824.69710076647,0.12199008,29.315256
Jharkhand,Sahibganj,1150567,227023,490202,25.196030000000004,5.068063588270792,74.80396999999999,63907.88193994787,0.29379477,59.965588
Jharkhand,Simdega,599578,118288,288645,43.95399,5.068798187474638,56.04601,72212.03913419104,0.24619805,55.253056
Karnataka,Bagalkot,1889752,361149,818081,2.34255,5.232610363035755,97.65745,64935.584140141145,0.1209817,31.07287
Karnataka,Bangalore,9621551,2393845,4246927,0.39965,4.019287380761912,99.60035,66209.600718221,0.00690498,1.865421
Karnataka,Bangalore Rural,990923,229279,459891,1.19266,4.321909115095583,98.80734,69615.55035053178,0.04242649,11.29948
Karnataka,Belgaum,4779661,983854,2105668,1.27125,4.858099880673352,98.72875,66082.134276887,0.06170101,16.363125
Karnataka,Bellary,2452595,489118,1116880,2.09149,5.014321697422708,97.90851,68308.05738411764,0.12334306,28.837674000000003
Karnataka,Bidar,1703300,319937,702608,1.93482,5.323860635062528,98.06518,61874.713790876536,0.10062499,25.473476
Karnataka,Bijapur,2177331,408806,927722,3.3504600000000004,5.3260739813016444,96.64954,63912.3311981504,0.11979442,30.390329
Karnataka,Chamarajanagar,1020791,244874,481693,4.81614,4.168637748393051,95.18386,70782.31489109916,0.09524255,23.758551
Karnataka,Chikkaballapura,1255104,284698,639778,2.0185600000000004,4.4085451952595385,97.98144,76461.15381673552,0.08946068,23.092666
Karnataka,Chikmagalur,1137961,276085,565774,3.86267,4.12177771338537,96.13733,74577.33613014857,0.05085613,13.106349
Karnataka,Chitradurga,1659456,357003,856587,3.1357700000000004,4.648297073133839,96.86423,77427.8136931621,0.0842964,20.920675
Karnataka,Dakshina Kannada,2089649,439733,997721,1.92163,4.7520859248680445,98.07837,71618.79818093852,0.02507722,6.3930810000000005
Karnataka,Davanagere,1945497,410176,875207,1.09779,4.743078580901857,98.90221,67479.44098603082,0.0663595,16.841016
Karnataka,Dharwad,1847023,382700,784833,1.07255,4.826294747844265,98.92745,63737.674084188446,0.05136541,13.456115
Karnataka,Gadag,1064570,219096,495722,2.15374,4.858920290648848,97.84626,69848.20162131189,0.12007801,30.235731
Karnataka,Gulbarga,2566326,471601,1087028,1.28975,5.441731463673741,98.71025,63536.043355364825,0.1195736,29.747468
Karnataka,Hassan,1776421,433453,903580,2.50928,4.098301315252173,97.49072,76297.79202114814,0.04318701,11.569471
Karnataka,Haveri,1597668,330414,730066,2.67577,4.835352012929234,97.32423,68543.58978210743,0.07938738,20.469339
Karnataka,Kodagu,554519,142716,278938,3.06433,3.88547184618403,96.93567,75454.04215184692,0.04429556,10.506487
Karnataka,Kolar,1536401,333348,717872,0.82354,4.609000203991024,99.17646,70086.39020672337,0.05575608,14.808013
Karnataka,Koppal,1389920,264595,654766,1.74064,5.253009316124643,98.25936,70662.26833199033,0.12160031,30.829975
Karnataka,Mandya,1805769,428625,871408,1.2069,4.2129343832021,98.7931,72385.3383240049,0.04191444,10.865359
Karnataka,Mysore,3001127,700968,1314268,2.49607,4.281403716004154,97.50393,65688.72293641689,0.03699025,9.36585
Karnataka,Raichur,1928812,363853,903413,2.00958,5.301074884637477,97.99042,70256.69168379293,0.15435114,36.060981
Karnataka,Ramanagara,1082636,260533,531459,1.8131,4.155465910268565,98.1869,73634.02842691357,0.04600274,12.419928
Karnataka,Shimoga,1752753,406816,780598,3.50694,4.308466235349642,96.49306,66803.30885184622,0.06399146,16.419761
Karnataka,Tumkur,2678980,640081,1354646,1.52706,4.185376538281874,98.47294,75848.60655921283,0.07645316,19.436433
Karnataka,Udupi,1177361,253078,513241,1.29909,4.652166525735149,98.70091,65388.73803361926,0.04654101,11.731255
Karnataka,Uttara Kannada,1437169,324530,608526,2.53533,4.428462699904477,97.46467,63512.98977364528,0.0645021,16.290346
Karnataka,Yadgir,1174271,202063,547696,1.74402,5.811410302727367,98.25598,69962.04453656779,0.21354785,48.978323
Kerala,Alappuzha,2127789,535958,804471,0.41135,3.9700666843297423,99.58865,56711.75572389932,0.00311691,0.834936
Kerala,Ernakulam,3282388,814011,1249343,0.05125,4.032363199023109,99.94875,57093.021909658455,0.00059203,0.177609
Kerala,Idukki,1108974,279812,516363,0.64031,3.9632824896716365,99.35969,69843.34168339384,0.00767916,2.092928
Kerala,Kannur,2523003,554298,824116,1.2835,4.551708647694922,98.7165,48996.136746567485,0.00223841,0.614632
Kerala,Kasaragod,1307375,273410,462998,0.87185,4.781738049083794,99.12815,53121.48388947319,0.00844426,1.947727
Kerala,Kollam,2635375,669375,912025,1.84695,3.937068160597572,98.15305,51910.544040221976,0.00588565,1.562643
Kerala,Kottayam,1974551,487296,735735,0.35019,4.052056655503021,99.64981,55891.31402531512,0.00038303,0.1149099999999999
Kerala,Kozhikode,3086293,697710,948981,0.84206,4.423461036820456,99.15794,46122.370753522104,0.003129,0.8985609999999999
Kerala,Malappuram,4112920,793999,1062424,0.55141,5.180006523937688,99.44859,38747.070208027384,0.00565493,1.5805030000000002
Kerala,Palakkad,2809934,637220,1042340,0.82305,4.409676406892439,99.17695,55642.23216630711,0.00355185,0.970923
Kerala,Pathanamthitta,1197412,322684,392794,0.7619199999999999,3.710788263440394,99.23808,49205.369580395054,0.00498158,1.216559
Kerala,Thiruvananthapuram,3301427,837877,1231669,0.59619,3.9402286970521927,99.40381,55960.75575804039,0.00542791,1.488313
Kerala,Thrissur,3121200,759210,1095727,0.19784,4.111115501639863,99.80216,52658.929257977696,0.00123657,0.354511
Kerala,Wayanad,817420,190894,340077,3.8918,4.28206229635295,96.1082,62405.5565070588,0.01592948,3.854489
Lakshadweep,Lakshadweep,64473,11574,18753,0.04544,5.570502851218248,99.95456,43629.89158252292,0.00674756,1.835588
Madhya Pradesh,Alirajpur,728999,123800,366797,7.08857,5.888521809369951,92.91143,75472.73727398802,0.40243094,76.45142
Madhya Pradesh,Anuppur,749237,170715,346471,19.64171,4.3888176200099585,80.35829,69364.76708971927,0.20522802,47.903455
Madhya Pradesh,Ashoknagar,845071,172680,315270,11.46808,4.893855686819551,88.53192,55960.386760402376,0.22197176,50.772216
Madhya Pradesh,Balaghat,1701698,391836,893014,10.95655,4.342883247072755,89.04345,78716.72882027246,0.20116762,49.57625
Madhya Pradesh,Barwani,1385881,243277,653897,10.08664,5.696720199607855,89.91336,70774.1501615218,0.34756783,65.172279
Madhya Pradesh,Betul,1575362,329832,786980,6.43015,4.776255790826845,93.56985,74933.25343635304,0.172506,39.338284
Madhya Pradesh,Bhind,1703005,299233,520768,11.79713,5.69123392139236,88.20287,45869.03737804645,0.15722038,39.086968
Madhya Pradesh,Bhopal,2371061,501805,867457,1.40339,4.725064517093293,98.59661,54877.774127278884,0.06059739,14.143953000000002
Madhya Pradesh,Burhanpur,757847,146341,328339,9.28342,5.178637565685625,90.71658,64987.853748843765,0.18708502,37.858048
Madhya Pradesh,Chhatarpur,1762375,356297,751797,20.22529,4.946364970796835,79.77471,63987.26150790836,0.24365633,54.103016
Madhya Pradesh,Chhindwara,2090922,443361,957984,9.48168,4.716071102329704,90.51832,68724.51483125627,0.1484421,34.381009
Madhya Pradesh,Damoh,1264219,297608,574595,13.02282,4.247933523292384,86.97718,68175.88566537917,0.21918839,50.057833
Madhya Pradesh,Datia,786754,160215,321160,9.48029,4.910613862622101,90.51971,61231.337876896716,0.16167048,38.522121
Madhya Pradesh,Dewas,1563715,308871,742676,1.12795,5.062679889015155,98.87205,71241.49861068033,0.14926457,34.394371
Madhya Pradesh,Dhar,2185793,425914,1027974,4.05909,5.132005522241579,95.94091,70544.69476295331,0.2053465,44.326538
Madhya Pradesh,Dindori,704524,169630,389925,24.45294,4.1532983552437654,75.54706,83018.81837950162,0.27796643,61.234984
Madhya Pradesh,Guna,1241519,244401,514897,5.92142,5.079844190490219,94.07858,62209.720511727974,0.2217917,49.502038
Madhya Pradesh,Gwalior,2032036,383845,685311,3.83061,5.2938972762443175,96.16938999999999,50588.00631484875,0.09620203,22.778291
Madhya Pradesh,Harda,570465,113379,230979,3.06733,5.031487312465272,96.93267,60734.40088348978,0.15206682,34.202019
Madhya Pradesh,Hoshangabad,1241350,257199,478082,5.03845,4.826418454193057,94.96155,57769.605671245015,0.11223056,26.876416
Madhya Pradesh,Indore,3276697,649540,1268195,0.70889,5.044642362287157,99.29111,58055.18484009965,0.05130659,11.968425
Madhya Pradesh,Jabalpur,2463289,539060,1005624,4.33812,4.569600786554372,95.66188,61236.66366390626,0.10409916,24.789246
Madhya Pradesh,Jhabua,1025048,194157,515121,11.2034,5.279480008446773,88.7966,75380.0309839149,0.3702986,71.52944500000001
Madhya Pradesh,Katni,1292042,289551,543874,15.90347,4.462225998183395,84.09653,63141.213675716426,0.18516637,42.687801
Madhya Pradesh,Khandwa (East Nimar),1310061,266655,612976,8.03782,4.912943691286494,91.96218,70184.82345478568,0.20951104,46.480838000000006
Madhya Pradesh,Khargone (West Nimar),1873046,367988,894119,1.91312,5.089964890159462,98.08688,71604.14106220563,0.18846281,42.357978
Madhya Pradesh,Mandla,1054905,250146,559649,21.3042,4.217157180206759,78.69579999999999,79578.11366900337,0.24703549,54.601423
Madhya Pradesh,Mandsaur,1340411,286808,679723,1.93095,4.673548157652506,98.06905,76065.06511808692,0.15824656,38.39207
Madhya Pradesh,Morena,1965970,362646,675993,11.05761,5.421182089420537,88.94239,51577.05865298046,0.1581091,37.473388
Madhya Pradesh,Narsimhapur,1091854,250286,477818,6.78569,4.362425385359149,93.21431,65643.11712005452,0.13267221,31.569303
Madhya Pradesh,Neemuch,826067,179746,418682,1.81912,4.595746219665528,98.18088,76025.67346232207,0.1445057,34.295689
Madhya Pradesh,Panna,1016520,228709,431998,18.45645,4.444599906431317,81.54355,63746.60606776059,0.21144944,47.400193
Madhya Pradesh,Raisen,1331597,278895,517838,5.93349,4.774545976084189,94.06651,58332.73880911417,0.16671627,39.796781
Madhya Pradesh,Rajgarh,1545814,345297,745603,4.0602,4.476766377929724,95.9398,72350.52211973756,0.21021166,48.536185
Madhya Pradesh,Ratlam,1455069,296683,690980,5.49859,4.904456945628836,94.50140999999999,71231.67354950178,0.19709734,43.325867
Madhya Pradesh,Rewa,2365106,526065,991946,11.21913,4.49584366950852,88.78087,62911.302918347006,0.17379677,41.676918
Madhya Pradesh,Sagar,2378458,517850,1006035,14.060909999999998,4.592947764796756,85.93909000000001,63446.674273836245,0.17416763,42.255031
Madhya Pradesh,Satna,2228935,478741,911349,9.80395,4.655826428068622,90.19605,61330.792508529856,0.15896363,38.482607
Madhya Pradesh,Sehore,1311332,257311,586087,1.71513,5.096292035707762,98.28487,67041.03156180128,0.13505029,30.91551
Madhya Pradesh,Seoni,1379131,314767,684434,16.06085,4.381434521407899,83.93915,74441.87680503157,0.21422763,50.903277
Madhya Pradesh,Shahdol,1066063,251452,493057,22.37731,4.239628239186803,77.62269,69375.40276700346,0.22021077,50.837692
Madhya Pradesh,Shajapur,1512681,300025,717871,2.75586,5.04184984584618,97.24414,71185.29947821121,0.17458191,40.977338
Madhya Pradesh,Sheopur,687861,146043,277455,16.369529999999997,4.709989523633451,83.63047,60503.86633345981,0.25841014,55.493377
Madhya Pradesh,Shivpuri,1726050,359969,759281,12.1408,4.794996235786971,87.8592,65984.27044407751,0.21917612,49.226713
Madhya Pradesh,Sidhi,1127033,238448,461760,21.65833,4.726535764611152,78.34167,61456.940480003694,0.25506239,57.378317
Madhya Pradesh,Singrauli,1178273,243925,499439,29.84308,4.83047248129548,70.15692,63581.06313222827,0.26996569,57.366451
Madhya Pradesh,Tikamgarh,1445166,296116,655318,13.60649,4.8804049764281565,86.39350999999999,68018.27610115378,0.21306332,49.073526
Madhya Pradesh,Ujjain,1986864,391438,897442,2.4866200000000003,5.075807663027095,97.51338,67753.15270697944,0.1297657,30.246641
Madhya Pradesh,Umaria,644758,145024,289691,19.41084,4.445871028243601,80.58915999999999,67395.28629346204,0.22042327,51.211268
Madhya Pradesh,Vidisha,1458875,299676,550402,14.42043,4.868174294905164,85.57957,56591.757347271014,0.21328194,46.591022
Maharashtra,Ahmadnagar,4543159,930024,2204590,6.16537,4.884991140013591,93.83463,72788.22951166799,0.06827572,16.756054000000002
Maharashtra,Akola,1813906,395690,768154,5.06064,4.584159316636761,94.93936,63522.089898815044,0.06628853,17.615624
Maharashtra,Amravati,2888445,647451,1236322,6.39893,4.461256527521002,93.60106999999999,64203.5074235445,0.06608584,17.181532999999998
Maharashtra,Aurangabad,3701282,751915,1575079,2.99518,4.9224739498480545,97.00482,63832.43697724194,0.0662787,16.412408
Maharashtra,Bhandara,1200334,278076,597305,2.71723,4.316568132452998,97.28277,74642.34954604303,0.04606593,12.067145
Maharashtra,Bid,2585049,535835,1255548,8.21749,4.8243377159013505,91.78251,72854.40237303045,0.10208743,24.766039
Maharashtra,Buldana,2586258,561504,1219641,3.3143100000000003,4.60594759787998,96.68569,70737.78022146282,0.09396297,23.150666
Maharashtra,Chandrapur,2204307,536686,1058172,7.81032,4.107256384552606,92.18968,72007.12060525145,0.09242811,22.468065
Maharashtra,Dhule,2050862,408874,936370,13.29609,5.01587775207032,86.70391000000001,68486.08048713175,0.16750633,36.621712
Maharashtra,Gadchiroli,1072942,250435,584237,6.268749999999999,4.284313294866932,93.73125,81677.80737448996,0.1167834,29.965541
Maharashtra,Gondiya,1322507,292369,665419,2.95868,4.523417325366232,97.04132,75472.4549662119,0.10186349,27.514175
Maharashtra,Hingoli,1177345,228868,569182,14.16275,5.144209762832724,85.83725,72516.806883284,0.12830902,31.699352
Maharashtra,Jalgaon,4229917,903643,1863571,8.14441,4.6809602907342835,91.85559,66085.37472484684,0.08380309,19.67141
Maharashtra,Jalna,1959046,391701,930886,12.7405,5.001381155524239,87.2595,71275.96799666776,0.13781664,33.778595
Maharashtra,Kolhapur,3876001,840240,1704054,2.89849,4.612968913643721,97.10151,65946.34521508122,0.04247074,11.217097
Maharashtra,Latur,2454196,481572,1046857,5.32185,5.0962182186671985,94.67815,63983.70382805611,0.08856713,23.124761
Maharashtra,Mumbai,3085411,674339,1284396,0.70109,4.575459820654004,99.29891,62442.0539111321,0.01267729,3.308522
Maharashtra,Mumbai Suburban,9356962,2105604,3735021,6.698270000000001,4.44383749270993,93.30172999999999,59875.539731806115,0.01340695,3.18398
Maharashtra,Nagpur,4653570,1041544,1868560,2.15485,4.467953346186047,97.84515,60229.8880214545,0.03054616,8.208732000000001
Maharashtra,Nanded,3361292,665434,1493953,9.37034,5.051277812675638,90.62966,66668.69465669748,0.12555026,31.163666
Maharashtra,Nandurbar,1648295,323521,792065,25.84061,5.094862466424127,74.15939,72080.39216281066,0.29978665,60.318944
Maharashtra,Nashik,6107187,1222887,2763328,6.98266,4.994073041908206,93.01734,67870.7234607357,0.08670465,20.248884
Maharashtra,Osmanabad,1657576,351281,773916,9.04742,4.718661128839875,90.95258,70034.43582677355,0.07945397,19.743411
Maharashtra,Parbhani,1836086,361130,822797,7.27324,5.0842798992052725,92.72676,67218.82852981832,0.10180425,26.506364
Maharashtra,Pune,9429408,2151503,4048993,4.1450000000000005,4.382707344586552,95.855,64410.08279629007,0.02268774,5.842575
Maharashtra,Raigarh,2634200,611790,1072969,5.501650000000001,4.305725820951634,94.49835,61098.37901450155,0.04883775,11.761703
Maharashtra,Ratnagiri,1615069,397115,714076,3.1321799999999995,4.067005779182352,96.86782,66320.01481051274,0.0780192,20.382756
Maharashtra,Sangli,2822143,598386,1215104,7.51647,4.716258401767421,92.48353,64584.11214456532,0.04398075,11.15283
Maharashtra,Satara,3003741,653735,1354947,4.88572,4.594737928977338,95.11428,67662.97427108395,0.04752148,12.636375999999998
Maharashtra,Sindhudurg,849651,209839,347178,1.43898,4.049061423281659,98.56102,61291.871603752596,0.06397648,17.050594
Maharashtra,Solapur,4317756,873167,1898395,8.49847,4.944937222776399,91.50153,65950.75080666902,0.06077533,15.016584
Maharashtra,Thane,11060148,2529165,4492767,8.362029999999999,4.373043277129013,91.63797,60931.82930282669,0.07080347,15.705792
Maharashtra,Wardha,1300774,309846,608235,3.97407,4.198130684275414,96.02593,70139.20173681209,0.04707006,11.971769
Maharashtra,Washim,1197160,259464,569792,4.37422,4.613973422131779,95.62578,71392.96334658693,0.10230691,26.046414
Maharashtra,Yavatmal,2772348,646886,1355999,8.76653,4.285682485012815,91.23347,73367.3586432872,0.11700677,28.878747
Manipur,Bishnupur,237399,46580,109937,3.71628,5.096586517818807,96.28372,69463.43497655845,0.08128974,21.486627
Manipur,Chandel,144182,28801,76238,6.357010000000001,5.0061456199437515,93.64299,79314.33882176693,0.10719104,25.052263000000004
Manipur,Churachandpur,274143,49089,122655,8.67211,5.58461162378537,91.32789,67111.87227104102,0.09371423,21.719839
Manipur,Imphal East,456113,92124,194848,2.93401,4.951076809517606,97.06599,64078.85765150302,0.07972627,20.041398
Manipur,Imphal West,517992,111156,213387,2.24303,4.66004534168196,97.75697,61792.55664180142,0.03869733,10.459424
Manipur,Tamenglong,140651,25039,70675,12.56684,5.617277047805423,87.43316,75372.73108616364,0.1593263,36.466322
Manipur,Thoubal,422168,85965,195319,14.19051,4.910928866399116,85.80949,69398.55697257964,0.08860322,22.564819
Manipur,Ukhrul,183998,35694,87929,21.97036,5.154871967277414,78.02964,71682.0291524908,0.11977187,28.595412
Meghalaya,East Garo Hills,317917,58328,126073,13.19794,5.450504046084213,86.80206,59483.921904144794,0.19178094,43.401644
Meghalaya,East Khasi Hills,825922,164046,326786,3.97157,5.0346975848237685,96.02843,59349.30901465272,0.10017416,23.364213
Meghalaya,Jaintia Hills,395124,66028,154180,13.44921,5.984188526079845,86.55079,58530.99280225954,0.21284018,43.873463
Meghalaya,Ribhoi,258840,46872,106473,13.35156,5.522273425499232,86.64844,61702.016689847005,0.20930395,44.958809
Meghalaya,South Garo Hills,142334,24527,53069,0.98193,5.8031557059567005,99.01807,55927.25561004398,0.05029238,12.872542
Meghalaya,West Garo Hills,643291,123352,255693,6.68844,5.215083663013165,93.31156,59621.46213766398,0.13384532,31.389334
Meghalaya,West Khasi Hills,383461,64906,163345,9.94868,5.90794379564293,90.05132,63896.32844018036,0.15169499,34.366132
Mizoram,Aizawl,400309,82524,174636,0.22862,4.850819155639572,99.77138,65437.949184255165,0.00648044,1.63984
Mizoram,Champhai,125745,25520,60342,0.0964899999999999,4.927311912225705,99.90351,71981.39091017535,0.03175642,8.441352
Mizoram,Kolasib,83955,17270,36672,0.93945,4.861320208453966,99.06055,65520.814722172596,0.04080039,9.329543
Mizoram,Lawngtlai,117894,22984,45566,24.7057,5.129394361294814,75.29429999999999,57974.96055778921,0.15230952,30.325825
Mizoram,Lunglei,161428,33058,78292,0.75727,4.883175025712385,99.24273,72749.46106003915,0.04346209,10.393554
Mizoram,Mamit,86364,17731,39339,14.4012,4.870791269527945,85.5988,68325.34389328887,0.12822029,27.081936
Mizoram,Saiha,56574,11144,19461,0.56912,5.076633165829146,99.43088,51598.79096404709,0.0457028,11.472239
Mizoram,Serchhip,64937,12622,32397,0.2519599999999999,5.14474726667723,99.74804,74834.83992177033,0.01415659,3.733545
Nagaland,Dimapur,378811,78605,151350,1.5604399999999998,4.819171808409134,98.43956,59930.94181531159,0.07230191,16.017412
Nagaland,Kiphire,74004,14771,31959,1.73443,5.0100873332882,98.26557,64778.25522944706,0.13279098,33.468622
Nagaland,Kohima,267988,54391,114825,0.68037,4.927065139453219,99.31963,64270.60166873143,0.04105249,10.839421
Nagaland,Longleng,50484,11985,30568,2.55618,4.212265331664581,97.44382,90824.81578321844,0.13859149,34.105197999999994
Nagaland,Mokokchung,194622,42690,100067,0.5793699999999999,4.558959943780745,99.42063,77124.11752011592,0.03610598,10.138105
Nagaland,Mon,250260,41978,147654,13.62431,5.961694220782315,86.37569,88500.35962598896,0.18360279,41.355178
Nagaland,Peren,95219,18475,61390,2.19448,5.1539377537212445,97.80552,93318.39521718805,0.10047968,24.184251
Nagaland,Phek,163418,36639,80277,1.43107,4.460219984169874,98.56893,73685.5793119485,0.09566567,24.542649
Nagaland,Tuensang,196596,36742,98154,2.62288,5.350715802079364,97.37712,74890.13001281816,0.14409025,34.980653000000004
Nagaland,Wokha,166343,31891,78412,1.8284,5.215985701295036,98.1716,70708.11515964002,0.05572634,14.219303
Nagaland,Zunheboto,140757,27835,79466,0.36262,5.0568349200646665,99.63738,84684.24305718366,0.07964882,20.998287
Punjab,Amritsar,2490656,488898,917856,0.64514,5.094428694737962,99.35486,55277.96692919456,0.03304069,7.820391
Punjab,Barnala,595527,115798,209331,0.04686,5.1428090295169175,99.95314,52725.820995521615,0.02345824,5.569212
Punjab,Bathinda,1388525,273902,549986,0.4531799999999999,5.069422640214383,99.54682,59414.054482274354,0.02879917,7.157972999999999
Punjab,Faridkot,617508,120893,221555,0.66392,5.1078887942229905,99.33608,53818.33109854447,0.01996351,5.238514
Punjab,Fatehgarh Sahib,600163,118100,214783,0.05363,5.081820491109229,99.94637,53681.166616402545,0.01639965,3.854224
Punjab,Firozpur,2029074,385994,756695,0.38981,5.256750104923911,99.61019,55938.94062020409,0.04670667,11.535843
Punjab,Gurdaspur,2298323,443666,757138,0.30323,5.180300045529745,99.69677,49414.594902457146,0.02394318,5.88605
Punjab,Hoshiarpur,1586625,336994,499822,0.37631,4.708169878395461,99.62369,47253.320727960294,0.02278557,5.556581
Punjab,Jalandhar,2193590,461635,774472,0.24532,4.751784418425813,99.75468,52959.212979636126,0.00819598,2.128984
Punjab,Kapurthala,815168,167989,284165,3.29256,4.852508199941663,96.70744,52289.52804820602,0.02850935,6.372274999999999
Punjab,Ludhiana,3498739,716826,1284822,0.04711,4.880876251698459,99.95289,55083.64585069078,0.01592702,3.684174
Punjab,Mansa,769751,149630,328512,0.28833,5.144362761478313,99.71167,64016.545610203815,0.04565789,11.518422
Punjab,Moga,995746,193256,359172,0.34202,5.15247133336093,99.65798,54105.96678269358,0.03303647,8.232845
Punjab,Muktsar,901896,174360,335326,0.26963,5.1726083964211975,99.73037,55770.17749274861,0.03862615,9.333784
Punjab,Patiala,1895686,372293,660267,0.0784,5.091919536494106,99.9216,52244.96567469507,0.01489609,3.67767
Punjab,Rupnagar,684627,135635,233676,0.0,5.047568842850297,100.0,51197.80552037826,0.0119491,3.088652
Punjab,Sahibzada Ajit Singh Nagar,994628,205411,355995,0.57888,4.8421360102428785,99.42112,53687.660110111516,0.02342913,5.045535
Punjab,Sangrur,1655169,318870,568758,0.26517,5.190732900555085,99.73483,51543.80005908762,0.01379215,3.573052
Punjab,Shahid Bhagat Singh Nagar,612310,129500,204329,0.24466,4.728262548262548,99.75534,50055.28245496562,0.02492842,6.173025
Punjab,Tarn Taran,1119627,203421,380702,0.40519,5.503989263645346,99.59481,51003.8611073152,0.04001758,9.555181
Rajasthan,Ajmer,2583052,494832,1053722,1.18551,5.220058524913506,98.81449,61190.52190974088,0.07622032,17.462784
Rajasthan,Alwar,3674179,639720,1708542,2.9871000000000003,5.743417432626774,97.0129,69751.9908529225,0.12811807,30.403059
Rajasthan,Banswara,1797485,367797,916574,31.07004,4.887166018211133,68.92996,76488.03745232923,0.2703509,55.579513000000006
Rajasthan,Baran,1222755,241428,552583,7.126309999999999,5.064677667876137,92.87369,67787.45537740595,0.16116302,37.481257
Rajasthan,Barmer,2603751,451629,1202482,33.21128,5.765243153119043,66.78872,69274.02044204688,0.286683,55.836595
Rajasthan,Bharatpur,2548462,425414,1071154,9.12005,5.990545680207986,90.87995,63047.08486922701,0.19177614,42.423226
Rajasthan,Bhilwara,2408523,498125,1148165,3.09137,4.83517791718946,96.90863,71506.37548406223,0.13848397,31.680975
Rajasthan,Bikaner,2363937,384944,986208,8.80944,6.140989338709007,91.19056,62578.31744246992,0.11330496,25.536035
Rajasthan,Bundi,1110906,220768,526091,7.51563,5.032006450210176,92.48437,71035.39813449563,0.16069049,36.326574
Rajasthan,Chittaurgarh,1544338,329119,802755,4.31414,4.692339245075489,95.68586,77970.787483051,0.14423822,32.895558
Rajasthan,Churu,2039547,348984,902829,4.45297,5.844242142906265,95.54703,66399.22982897672,0.09492098,22.539801
Rajasthan,Dausa,1634409,292502,684495,9.30375,5.5876848705308,90.69624999999999,62820.41398450449,0.12134896,29.604013
Rajasthan,Dhaulpur,1206516,203754,523212,7.58168,5.921434671221179,92.41832,65048.28779726088,0.18099765,41.777661
Rajasthan,Dungarpur,1388552,282029,641515,21.70502,4.92343695151917,78.29498,69300.42951218247,0.2450494,52.333366000000005
Rajasthan,Ganganagar,1969168,387511,912672,5.8167,5.0815796196753125,94.1833,69522.1535186434,0.07190462,17.612961
Rajasthan,Hanumangarh,1774692,336192,835260,5.04323,5.278804968589378,94.95677,70597.60228817169,0.09254976,21.397016
Rajasthan,Jaipur,6626178,1177096,2464893,1.69553,5.629258786029347,98.30447,55798.97642351292,0.06551407,16.031647
Rajasthan,Jaisalmer,669919,117171,288903,24.10699,5.717447149892038,75.89301,64687.596560181155,0.27484687,54.038106
Rajasthan,Jalor,1828730,326134,896644,17.623269999999998,5.6072963873745145,82.37673000000001,73546.45026876575,0.2088995,44.028128
Rajasthan,Jhalawar,1411129,283295,685950,3.89553,4.9811292115992165,96.10447,72915.02052611775,0.16970113,37.67075
Rajasthan,Jhunjhunun,2137045,384197,894649,3.76045,5.562367743631523,96.23955,62795.75301409188,0.05861035,14.510102
Rajasthan,Jodhpur,3687165,649013,1489741,8.871,5.681188204242442,91.129,60605.13972116789,0.14000863,30.411702
Rajasthan,Karauli,1458248,262503,628726,5.158519999999999,5.555166988567749,94.84148,64672.744279436694,0.19006546,43.062192
Rajasthan,Kota,1951014,396501,748811,1.37754,4.92057775390226,98.62246,57570.90928102002,0.07600382,18.118068
Rajasthan,Nagaur,3307743,578809,1425882,9.40497,5.714740095610123,90.59503,64661.099728727415,0.10824347,24.96935
Rajasthan,Pali,2037573,418157,842327,4.30457,4.872746360816631,95.69543,62009.58198798276,0.11736652,26.446945
Rajasthan,Pratapgarh,867848,178726,481294,24.07554,4.855745666551034,75.92446,83187.49366248467,0.27960735,57.83578
Rajasthan,Rajsamand,1156597,243078,550831,3.76591,4.758131134862061,96.23409,71437.71771844472,0.14584706,33.674602
Rajasthan,Sawai Madhopur,1335551,254716,578068,13.45402,5.2432944926898974,86.54598,64924.66405251466,0.1584512,37.108269
Rajasthan,Sikar,2677333,444816,1006504,3.28766,6.018967393259235,96.71234,56390.29586532568,0.06055895,14.911689
Rajasthan,Sirohi,1036346,201785,419829,14.42758,5.135892162450133,85.57242,60765.75776815851,0.2074668,42.46296
Rajasthan,Tonk,1421326,266870,649161,2.11553,5.325911492486979,97.88447,68509.37082696018,0.12039783,29.19114
Rajasthan,Udaipur,3068420,623531,1365783,17.46249,4.921038408675751,82.53751,66766.430280079,0.2643897,52.502042
Sikkim,East District,283583,61567,139678,0.95849,4.6060876768398655,99.04151,73882.07332597511,0.01822788,4.885825
Sikkim,South District,146850,30543,74753,0.19913,4.807975640899715,99.80087,76356.4862104188,0.01149653,2.923435
Sikkim,West District,136435,28023,70348,0.48905,4.8686792991471295,99.51095,77342.3241836772,0.02630542,6.798926
Tamil Nadu,Ariyalur,754894,197090,359851,1.30599,3.8301994012887515,98.69401,71503.61507708367,0.05418127,14.953488
Tamil Nadu,Chennai,4646732,1154982,1817297,0.31874,4.0232072880789485,99.68126,58663.71247577868,0.00537581,1.384088
Tamil Nadu,Coimbatore,3458045,958035,1567950,1.12597,3.60951844139306,98.87403,68013.14037266721,0.01152607,3.171379
Tamil Nadu,Cuddalore,2605914,635578,1169880,0.75508,4.100069542998656,99.24492,67339.90454021122,0.05256837,14.29562
Tamil Nadu,Dharmapuri,1506843,375873,751170,1.0644900000000002,4.008915245308921,98.93551,74775.8724697928,0.02595983,6.8649260000000005
Tamil Nadu,Dindigul,2159775,560773,1105155,2.3670400000000003,3.8514247297926256,97.63296,76754.87029898948,0.02515385,6.917731000000001
Tamil Nadu,Erode,2251744,658071,1195773,1.10635,3.4217341289921603,98.89365,79656.45739480155,0.01378981,3.353142
Tamil Nadu,Kancheepuram,3998252,1006245,1673814,0.17002,3.973437880436673,99.82998,62795.46661891246,0.01674703,4.494137
Tamil Nadu,Kanniyakumari,1870374,483539,679620,0.54308,3.86809336992466,99.45692,54504.072447542574,0.00550822,1.592524
Tamil Nadu,Karur,1064493,287095,543298,1.03318,3.7078075201588323,98.96682,76557.29065386057,0.02754941,7.549765
Tamil Nadu,Krishnagiri,1879809,448053,877779,0.8359099999999999,4.195505888812261,99.16409,70042.67454831846,0.0353101,9.327079
Tamil Nadu,Madurai,3038252,794887,1354632,0.64954,3.822243916430889,99.35046,66878.8500756356,0.02645323,6.974392999999999
Tamil Nadu,Nagapattinam,1616450,413837,671994,0.87078,3.9060064711468523,99.12922,62358.31606297751,0.05019157,13.704919
Tamil Nadu,Namakkal,1726601,475511,898245,0.41295,3.6310432355928675,99.58705,78035.83456745362,0.01422898,3.634416
Tamil Nadu,Perambalur,565223,149243,299726,0.89358,3.7872664044544804,99.10642,79541.87993057608,0.04528865,12.217818
Tamil Nadu,Pudukkottai,1618345,387679,761693,2.25665,4.174445868876055,97.74335,70599.25417633446,0.06384486,17.404184
Tamil Nadu,Ramanathapuram,1353445,323905,602977,1.44231,4.178524567388586,98.55769,66826.91206513748,0.03642992,9.716638
Tamil Nadu,Salem,3482056,915967,1694160,1.05896,3.80150813293492,98.94104,72981.02040863213,0.033506,8.0283
Tamil Nadu,Sivaganga,1339101,338938,620171,1.36539,3.9508730210244942,98.63461,69468.73312767297,0.0543147,14.56489
Tamil Nadu,Thanjavur,2405890,605363,974079,1.82825,3.974293110084363,98.17175,60730.89376488534,0.05510688,15.070307
Tamil Nadu,The Nilgiris,735394,197653,349974,2.35699,3.720631611966426,97.64301,71384.99906172746,0.01131011,3.037949
Tamil Nadu,Theni,1245899,338112,591642,2.4459,3.6848706937346205,97.5541,71230.7337914229,0.02571685,6.74633
Tamil Nadu,Thiruvallur,3728104,946949,1538054,0.71072,3.936963870282349,99.28928,61883.49359352636,0.01503096,4.023008
Tamil Nadu,Thiruvarur,1264277,327219,540168,2.20192,3.8637029023375784,97.79808,64088.170551232055,0.05584699,15.404323
Tamil Nadu,Thoothukkudi,1750176,462010,748095,1.33756,3.788177745070453,98.66244,64115.98033569195,0.03488198,9.080481
Tamil Nadu,Tiruchirappalli,2722290,698404,1213979,0.75742,3.897872864416584,99.24258,66891.05495740718,0.02439938,6.797773
Tamil Nadu,Tirunelveli,3077233,815528,1436454,0.87586,3.7733014684964834,99.12414,70020.07972746945,0.02952357,7.651592
Tamil Nadu,Tiruppur,2479052,712210,1266137,0.38695,3.480787969840356,99.61305,76610.15178382705,0.01894159,4.986569
Tamil Nadu,Tiruvannamalai,2464875,588836,1238177,1.08704,4.186012743786046,98.91296,75349.27734672144,0.03236398,8.724376
Tamil Nadu,Vellore,3936331,929281,1689330,0.46342,4.235888821572807,99.53658,64374.540657277044,0.02122145,5.810384
Tamil Nadu,Viluppuram,3458873,800368,1703249,0.7017,4.3216033124762605,99.2983,73864.33384515707,0.04475457,11.65681
Tamil Nadu,Virudhunagar,1942288,537748,950158,1.18951,3.611892559340063,98.81049,73379.28257807287,0.04363156,11.765629
Tripura,Dhalai,378230,84509,155831,11.29309,4.475617981516762,88.70691,61800.09518018137,0.14688392,33.013576
Tripura,North Tripura,693947,152355,248667,14.09184,4.554802927373569,85.90816,53750.57461160579,0.16766542,37.221515
Tripura,South Tripura,876001,208127,366845,6.98894,4.208973367222898,93.01106,62815.85294993955,0.07742575,19.240943
Tripura,West Tripura,1725739,410565,698178,3.85404,4.203327122380134,96.14596,60685.132572190814,0.04580323,11.241709
Uttar Pradesh,Agra,4418797,710566,1389844,4.67204,6.2187003037015565,95.32796,47179.49251798623,0.16508636,38.004816000000005
Uttar Pradesh,Aligarh,3673889,611371,1174361,13.49108,6.009262788061586,86.50892,47947.59721918653,0.17127187,39.069339
Uttar Pradesh,Allahabad,5954391,976733,2111907,19.69406,6.096232030657304,80.30593999999999,53202.09069239826,0.14703621,33.757616
Uttar Pradesh,Ambedkar Nagar,2397888,368728,787398,25.39429,6.5031351022976285,74.60571,49255.720033629594,0.17311617,43.563841
Uttar Pradesh,Auraiya,1379545,248197,442023,29.68203,5.558266215949427,70.31797,48061.824732067456,0.13635629,33.090439
Uttar Pradesh,Azamgarh,4613913,665232,1372032,14.55507,6.9357953315535035,85.44493,44605.26238791239,0.15254545,39.113156
Uttar Pradesh,Baghpat,1303048,209916,416695,7.07378,6.207473465576707,92.92622,47967.72643832,0.09943686,22.888718
Uttar Pradesh,Bahraich,3487731,603754,1152160,66.38573,5.776741851813818,33.614270000000005,49551.98666410913,0.36557113,71.44425199999999
Uttar Pradesh,Ballia,3239774,480268,1019483,29.18551,6.745762782446468,70.81449,47201.57949289055,0.16461602,38.749447
Uttar Pradesh,Balrampur,2148665,323881,760253,60.40813000000001,6.634118704091935,39.59186999999999,53073.86214230696,0.3495039,68.738163
Uttar Pradesh,Banda,1799410,319963,701689,31.29651,5.623806502626866,68.70349,58493.25612284027,0.19336401,44.546853
Uttar Pradesh,Bara Banki,3260699,579058,1192850,47.70271,5.631040413913632,52.29729,54873.97027447182,0.22259266,47.834605
Uttar Pradesh,Bareilly,4448359,756784,1401971,29.32841,5.877977071396859,70.67159,47274.88271517654,0.1932809,41.152383
Uttar Pradesh,Basti,2464464,382212,783688,29.21668,6.447898025179743,70.78332,47699.296885651405,0.20312165,48.081633
Uttar Pradesh,Bijnor,3682713,633197,1088036,19.13963,5.816061983869159,80.86037,44316.62201208728,0.13097759,30.843408
Uttar Pradesh,Budaun,3681896,615776,1107343,45.40871,5.979278179078106,54.59129,45113.02057418243,0.29738533,60.458859
Uttar Pradesh,Bulandshahr,3499171,587529,1173260,10.45576,5.955741759130188,89.54424,50294.484036361755,0.14993829,34.310891
Uttar Pradesh,Chandauli,1952756,296804,652543,26.28631,6.579277907305832,73.71369,50124.77237299489,0.1632524,38.281518
Uttar Pradesh,Chitrakoot,991730,168232,394197,30.37133,5.895014028246707,69.62867,59622.62914301271,0.27454347,60.892912
Uttar Pradesh,Deoria,3100946,468346,876246,27.87538,6.621057935799601,72.12462,42386.06541358669,0.14392327,34.043613
Uttar Pradesh,Etah,1774480,290683,545984,32.04029,6.104519356137097,67.95971,46153.013840674445,0.1777667,41.592509
Uttar Pradesh,Etawah,1581810,277527,506072,7.99221,5.69966165454172,92.00779,47989.83443017809,0.11735388,30.111661
Uttar Pradesh,Faizabad,2470996,423375,831209,32.13986,5.836423974018305,67.86014,50457.93275262282,0.18641388,43.618121
Uttar Pradesh,Farrukhabad,1885204,314144,592267,37.56239,6.001082306203524,62.43761,47124.90001082111,0.18217045,40.20066
Uttar Pradesh,Fatehpur,2632733,472238,1063929,53.99202,5.575013023094288,46.00798,60617.3698586222,0.21211127,47.319849000000005
Uttar Pradesh,Firozabad,2498156,414266,761521,12.4745,6.030318684130486,87.5255,45724.98675022696,0.15042888,34.688468
Uttar Pradesh,Gautam Buddha Nagar,1648115,327090,569109,1.11359,5.038720229906142,98.88641,51796.35523006586,0.06402072,15.312872
Uttar Pradesh,Ghaziabad,4681645,850676,1520538,2.53425,5.503440792969356,97.46575,48718.06811494678,0.07043515,16.427868
Uttar Pradesh,Ghazipur,3620268,546664,1204602,29.53413,6.622473768164722,70.46587,49910.75246362976,0.19034961,45.400612
Uttar Pradesh,Gonda,3433919,541247,1170552,58.93691,6.344458260276731,41.06309,51131.89915079535,0.28356696,58.487274
Uttar Pradesh,Gorakhpur,4440895,692960,1351629,21.99388,6.408587797275456,78.00612,45653.93912713541,0.12748361,30.0973
Uttar Pradesh,Hamirpur,1104285,204863,443655,23.77745,5.390358434661213,76.22255,60263.65476303672,0.1457131,35.144924
Uttar Pradesh,Hamirpur,1104285,204863,443655,23.77745,5.390358434661213,76.22255,60263.65476303672,0.1457131,35.144924
Uttar Pradesh,Hardoi,4092845,730442,1318946,55.84149000000001,5.60324433699048,44.15850999999999,48338.47849112292,0.24310214,53.344768
Uttar Pradesh,Jalaun,1689974,288338,620764,10.1003,5.861086641372278,89.8997,55098.24411499822,0.12115141,29.192465
Uttar Pradesh,Jaunpur,4494204,663513,1437375,19.17948,6.773347319494871,80.82052,47974.29088666202,0.17138923,41.347769
Uttar Pradesh,Jhansi,1998603,367779,814914,9.0895,5.434249916390006,90.9105,61161.27114789681,0.09656795,23.019158
Uttar Pradesh,Jyotiba Phule Nagar,1840221,314401,599089,23.31343,5.8531016122722255,76.68657,48832.911916557845,0.1640467,35.433525
Uttar Pradesh,Kannauj,1656616,280928,524676,28.11194,5.896941565098531,71.88806,47507.3281919286,0.20512643,46.195793
Uttar Pradesh,Kanpur Dehat,1796184,329817,628864,54.232800000000005,5.446001873766361,45.767199999999995,52516.66867091567,0.17129389,40.996748
Uttar Pradesh,Kanpur Nagar,4581268,863338,1572232,14.77403,5.306459347323991,85.22597,51478.06240543011,0.06202275,14.395327
Uttar Pradesh,Kanshiram Nagar,1436719,237903,472765,43.41021,6.039095765921405,56.58979,49358.81685980349,0.24105756,51.635135
Uttar Pradesh,Kaushambi,1599596,277851,639086,49.22972,5.7570280474067035,50.77028,59929.44468478291,0.29213693,59.560919
Uttar Pradesh,Kheri,4021243,745077,1264718,56.97888,5.397083791339687,43.02112,47176.383023856055,0.30128713,60.721974
Uttar Pradesh,Kushinagar,3564544,561062,1116973,49.18224,6.353208736289394,50.81776,47003.47365609738,0.18851928,42.525038
Uttar Pradesh,Lalitpur,1221592,222094,503351,20.16497,5.500337694849929,79.83503,61806.76527023753,0.18083979,43.191418
Uttar Pradesh,Lucknow,4589838,860703,1542806,6.21705,5.3326617892583155,93.78295,50420.27627118866,0.06192522,15.144161
Uttar Pradesh,Mahamaya Nagar,1564708,260860,484115,11.27752,5.998267269799893,88.72248,46409.45786689913,0.15194029,37.449504
Uttar Pradesh,Mahoba,875958,158435,349676,17.59877,5.528816233786727,82.40123,59878.89830334332,0.16201825,39.082175
Uttar Pradesh,Mahrajganj,2684703,426565,994253,43.62019,6.29377234419139,56.37981,55551.00508324384,0.21964642,50.421919
Uttar Pradesh,Mainpuri,1868529,313690,560840,15.88892,5.956610029009532,84.11108,45022.58193477329,0.1432535,35.55695
Uttar Pradesh,Mathura,2547184,423125,840939,3.4134200000000003,6.019932644017725,96.58658,49521.687479192704,0.14850455,34.745945
Uttar Pradesh,Mau,2205968,324424,696747,14.77091,6.799644909131261,85.22909,47376.95651070188,0.16116049,39.562940000000005
Uttar Pradesh,Meerut,3443689,579110,1090539,4.00638,5.946519659477474,95.99361999999999,47501.63269679695,0.0867558,19.829043
Uttar Pradesh,Mirzapur,2496970,394925,881996,28.183760000000003,6.322643539912642,71.81624,52983.976579614486,0.20033667,46.003295
Uttar Pradesh,Moradabad,4772006,796170,1417811,20.56938,5.993702350000628,79.43062,44566.50934638389,0.17946677,38.926732
Uttar Pradesh,Muzaffarnagar,4143512,676642,1291644,5.71212,6.123639975053278,94.28788,46759.02953822748,0.13573687,30.271471
Uttar Pradesh,Pilibhit,2031007,362573,618605,46.92693,5.601649874645934,53.07307,45687.06557879908,0.21388694,47.088408
Uttar Pradesh,Pratapgarh,3209141,533546,1066601,26.13887,6.0147409970274355,73.86113,49854.509353125955,0.17440116,41.670495
Uttar Pradesh,Rae Bareli,3405559,619707,1204710,25.570120000000003,5.495434132582011,74.42988,53062.213868560204,0.18298525,42.414334
Uttar Pradesh,Rampur,2335819,393736,737261,17.991960000000002,5.9324496617022575,82.00804,47344.91413932329,0.20173785,42.863026
Uttar Pradesh,Saharanpur,3466382,597656,1037344,5.52219,5.799961850964435,94.47781,44888.76298111403,0.14880031,33.012569
Uttar Pradesh,Sant Kabir Nagar,1715183,256645,539469,32.99109,6.6830953262288375,67.00891,47178.84330709901,0.2083911,47.925524
Uttar Pradesh,Sant Ravidas Nagar (Bhadohi),1578213,222403,470608,17.41673,7.096185752890024,82.58327,44728.56325476979,0.19640414,46.484076
Uttar Pradesh,Shahjahanpur,3006538,527501,892214,45.16425,5.69958729936057,54.83575,44513.68983195955,0.25154228,54.311778
Uttar Pradesh,Shrawasti,1117361,188289,403755,70.59395,5.934287186187191,29.406049999999993,54202.04392313675,0.39313896,75.376641
Uttar Pradesh,Sitapur,4483992,801764,1422602,68.98848,5.59265818869393,31.011520000000004,47589.35787575,0.27862606,58.014006
Uttar Pradesh,Sonbhadra,1862559,333174,730399,46.99633,5.590349186911344,53.00367,58822.21717540223,0.2528586,53.527238
Uttar Pradesh,Sultanpur,3797117,623523,1242632,22.74363,6.089778564704109,77.25637,49088.50583218795,0.20109774,47.213241
Uttar Pradesh,Unnao,3108367,588533,1124744,51.7738,5.281550907085924,48.2262,54276.60247326007,0.19819269,44.52069
Uttar Pradesh,Varanasi,3676841,560162,1220708,10.01069,6.563888660780274,89.98931,49799.86896360218,0.11010978,26.363028
Uttarakhand,Almora,622506,140577,298211,2.62104,4.428220832710899,97.37896,71857.37968790662,0.09607097,24.850553
Uttarakhand,Bageshwar,259898,58046,123638,2.41448,4.47744891982221,97.58552,71357.60952373623,0.07954594,20.49034
Uttarakhand,Chamoli,391605,88964,180940,4.13995,4.401836697990198,95.86005,69307.08239169572,0.0656251,16.749081
Uttarakhand,Champawat,259648,53953,99566,7.00959,4.812484940596445,92.99041,57519.7960315504,0.09980288,23.904765
Uttarakhand,Dehradun,1696694,347001,582768,0.53338,4.889593978115337,99.46662,51520.89887746406,0.02938429,7.0194790000000005
Uttarakhand,Garhwal,687271,161778,274152,1.6961,4.24823523594061,98.3039,59834.91228350971,0.04637594,12.003021
Uttarakhand,Hardwar,1890422,338104,578121,2.0986700000000003,5.59124411423704,97.90133,45872.37664394511,0.10122294,22.728795
Uttarakhand,Nainital,954605,191383,376181,1.2931,4.987929962431355,98.7069,59110.46977545686,0.050002,11.976403
Uttarakhand,Pithoragarh,483439,114730,216490,2.50295,4.213710450623203,97.49705,67171.86656434421,0.05923241,15.101016
Uttarakhand,Rudraprayag,242285,53542,113032,0.88663,4.525139143102611,99.11337,69978.74404110861,0.05165009,13.125419999999998
Uttarakhand,Tehri Garhwal,618931,132714,280442,1.77679,4.663645131636451,98.22321,67966.05760577512,0.07081903,18.060644
Uttarakhand,Udham Singh Nagar,1648902,308581,591458,3.08561,5.343498141492834,96.91439,53804.71368219579,0.09589154,22.613027
Uttarakhand,Uttarkashi,330086,67602,157276,6.5635,4.882784533001982,93.4365,71470.4652726865,0.10627218,25.310241
West Bengal,Bankura,3596674,766902,1466220,9.48743,4.689874325533119,90.51257,61148.994876933524,0.15132759,35.693319
West Bengal,Barddhaman,7717563,1730927,2911251,4.98513,4.458629971107967,95.01487,56583.61972555326,0.11572302,26.793086
West Bengal,Birbhum,3502404,817899,1331603,3.58908,4.282196212490784,96.41092,57029.52886074822,0.16636083,40.007855
West Bengal,Dakshin Dinajpur,1676276,396406,702987,5.21432,4.228684732319894,94.78568,62906.138368621876,0.12190682,29.859971
West Bengal,Darjiling,1846823,391234,683726,3.61651,4.720507420111749,96.38349,55532.609243008126,0.05714176,13.727198
West Bengal,Haora,4850029,1061336,1819845,2.00829,4.569739460453617,97.99171,56283.529438689955,0.06408108,15.30706
West Bengal,Hugli,5519145,1287423,2152870,4.5362800000000005,4.286970948942189,95.46372,58510.965013602654,0.07384632,17.854208
West Bengal,Jalpaiguri,3872846,868326,1512910,9.50853,4.460129029880482,90.49146999999999,58596.830341304565,0.11029261,25.862859
West Bengal,Koch Bihar,2819086,665720,1127977,9.32017,4.234642191912516,90.67983,60018.22931262118,0.12045329,29.522261
West Bengal,Kolkata,4496694,1024928,1795740,0.12019,4.387326719535421,99.87981,59902.008008550285,0.01540481,3.851112
West Bengal,Maldah,3988845,846991,1537847,4.36313,4.709430206460281,95.63687,57830.53741120549,0.16516493,38.911929
West Bengal,Murshidabad,7103807,1570759,2589907,6.9044300000000005,4.52253146408838,93.09557,54687.022043250894,0.12591504,29.269545
West Bengal,Nadia,5167600,1232282,1842607,3.64896,4.1935206389446575,96.35104,53485.38006037619,0.06402529,16.102036000000002
West Bengal,North Twenty Four Parganas,10009781,2348683,3571624,2.66939,4.261869737210173,97.33061000000001,53522.010121899766,0.03803553,9.637956
West Bengal,Paschim Medinipur,5913457,1301610,2509159,3.46992,4.543186515161992,96.53008,63647.008847785655,0.13801251,34.35656
West Bengal,Purba Medinipur,5095875,1114170,1910320,2.09041,4.573696114596515,97.90959,56231.36360291412,0.07196322,18.708052
West Bengal,Puruliya,2930115,567824,1249642,17.66306,5.160252120375327,82.33694,63972.33555679555,0.26232211,59.198024
West Bengal,South Twenty Four Parganas,8161961,1781221,2964494,11.76183,4.58222814574946,88.23817,54481.28213305601,0.13444576,32.536347
West Bengal,Uttar Dinajpur,3007134,605674,1075626,9.69497,4.964938234099532,90.30503,53653.711474114556,0.2090438,46.905051
